Hotel_Name,City,  Price  ,Rating,Amenities
The Leela Inn Mumbai,Mumbai,4526,3.8,"Conference Hall, Pool, Bar, Wifi"
Taj Suites Pune,Pune,8585,4.3,"Conference Hall, Spa, Bar, Pool"
Courtyard Inn Ahmedabad,Ahmedabad,9862,4.8,"Bar, Restaurant, Parking, Pool, Breakfast"
Trident Grand Pune,Pune,10000,3.6,"Breakfast, Parking, Wifi, Restaurant, Spa, Conference Hall"
The Leela Grand Chennai,Chennai,45000,3.9,"Breakfast, Spa, Pool, Wifi, Restaurant, Airport Shuttle"
Westin Suites Pune,Pune,23000,3.7,"Airport Shuttle, Restaurant, Gym, Breakfast, Bar, Pool"
Vivanta Royal Pune,Pune,21000,3.8,"Gym, Airport Shuttle, Bar, Breakfast, Restaurant"
Fortune Resort Delhi,Delhi,14000,4.7,"Spa, Wifi, Restaurant, Breakfast"
Vivanta Suites Pune,Pune,14500,4.9,"Spa, Airport Shuttle, Bar, Restaurant, Breakfast, Pool"
Vivanta Suites Goa,Goa,4175,4.3,"Breakfast, Bar, Conference Hall, Gym, Pool, Restaurant"
Ramada Grand Jaipur,Jaipur,8101,3.6,"Gym, Breakfast, Bar, Parking"
ITC Plaza Chennai,Chennai,4175,5,"Conference Hall, Wifi, Pool, Restaurant, Parking, Gym"
Trident Inn Pune,Pune,4542,3.7,"Parking, Conference Hall, Gym, Breakfast"
The Leela Elite Bengaluru,Bengaluru,6575,3.8,"Gym, Conference Hall, Wifi, Parking, Breakfast, Spa"
Taj Resort Pune,Pune,4869,5,"Spa, Wifi, Breakfast, Parking, Conference Hall, Restaurant"
Conrad Elite Pune,Pune,7524,3.7,"Conference Hall, Gym, Parking, Airport Shuttle, Bar, Spa, Pool"
Fortune Inn Delhi,Delhi,8101,5,"Airport Shuttle, Conference Hall, Breakfast, Wifi, Pool, Restaurant"
ITC Palace Hyderabad,Hyderabad,4175,4.3,"Wifi, Pool, Breakfast, Conference Hall, Airport Shuttle"
The Orchid Grand Hyderabad,Hyderabad,2541,3.9,"Spa, Conference Hall, Gym, Restaurant, Parking, Bar, Breakfast"
Novotel Plaza Jaipur,Jaipur,6541,3.6,"Restaurant, Bar, Conference Hall, Spa, Breakfast, Wifi, Parking"
The Orchid Resort Chennai,Chennai,1258,4.8,"Spa, Breakfast, Airport Shuttle, Pool, Conference Hall"
Hyatt Heights Bengaluru,Bengaluru,4563,4.8,"Airport Shuttle, Conference Hall, Pool, Wifi"
Fortune Grand Mumbai,Mumbai,1478,4.6,"Gym, Bar, Airport Shuttle, Spa, Pool"
Holiday Inn Residency Mumbai,Mumbai,5841,3.5,"Parking, Airport Shuttle, Breakfast, Spa, Restaurant, Conference Hall, Bar"
JW Marriott Inn Delhi,Delhi,4545,5,"Restaurant, Wifi, Conference Hall, Parking"
Conrad Elite Kolkata,Kolkata,65656,3.6,"Gym, Pool, Conference Hall, Restaurant"
Novotel Grand Chennai,Chennai,7852,4.8,"Breakfast, Wifi, Pool, Spa, Restaurant"
Oberoi Elite Ahmedabad,Ahmedabad,4105,4.9,"Restaurant, Spa, Parking, Conference Hall, Pool"
Westin Resort Jaipur,Jaipur,9888,4.6,"Wifi, Airport Shuttle, Pool, Breakfast"
Fortune Elite Delhi,Delhi,7410,3.7,"Pool, Spa, Restaurant, Gym, Breakfast, Conference Hall"
Fortune Royal Bengaluru,Bengaluru,4512,4.5,"Conference Hall, Parking, Pool, Airport Shuttle"
Vivanta Grand Pune,Pune,4520,4.3,"Parking, Spa, Restaurant, Pool, Airport Shuttle, Gym"
Ramada Inn Jaipur,Jaipur,4536,4.9,"Pool, Bar, Parking, Wifi"
Taj Residency Hyderabad,Hyderabad,4536,5,"Airport Shuttle, Conference Hall, Bar, Parking, Wifi"
The Leela Residency Pune,Pune,4536,3.6,"Breakfast, Conference Hall, Gym, Spa, Pool, Wifi"
Westin Palace Hyderabad,Hyderabad,4536,4,"Pool, Restaurant, Bar, Parking, Conference Hall"
JW Marriott Residency Delhi,Delhi,4536,4.7,"Wifi, Gym, Restaurant, Bar, Spa, Pool, Conference Hall"
Hyatt Plaza Pune,Pune,9856,3.6,"Spa, Breakfast, Airport Shuttle, Gym, Bar, Pool, Parking"
Taj Plaza Delhi,Delhi,5785,3.9,"Parking, Restaurant, Bar, Conference Hall"
Fortune Palace Hyderabad,Hyderabad,6585,4.8,"Gym, Parking, Wifi, Airport Shuttle, Conference Hall, Spa"
Grand Hyatt Plaza Hyderabad,Hyderabad,7209.5,5,"Bar, Spa, Parking, Wifi"
Fairmont Elite Mumbai,Mumbai,7417.1,4.7,"Restaurant, Bar, Pool, Breakfast, Gym"
Shangri-La Grand Hyderabad,Hyderabad,7624.7,4.9,"Bar, Restaurant, Breakfast, Conference Hall, Gym, Parking"
JW Marriott Plaza Delhi,Delhi,7832.3,4.9,"Breakfast, Parking, Bar, Conference Hall, Wifi"
Westin Suites Bengaluru,Bengaluru,8039.9,4.7,"Airport Shuttle, Breakfast, Conference Hall, Restaurant, Pool, Parking"
Conrad Grand Goa,Goa,8247.5,4.3,"Pool, Spa, Parking, Breakfast, Bar, Restaurant"
Taj Suites Mumbai,Mumbai,8455.1,4.4,"Airport Shuttle, Bar, Spa, Restaurant"
Holiday Inn Plaza Jaipur,Jaipur,8662.7,3.7,"Pool, Bar, Spa, Breakfast"
Ramada Palace Jaipur,Jaipur,8870.3,3.9,"Airport Shuttle, Gym, Breakfast, Restaurant"
Ramada Royal Kolkata,Kolkata,9077.9,4.9,"Breakfast, Conference Hall, Bar, Airport Shuttle, Parking, Spa, Pool"
Conrad Inn Jaipur,Jaipur,9285.5,3.9,"Conference Hall, Airport Shuttle, Spa, Gym, Breakfast, Wifi"
Westin Inn Delhi,Delhi,9493.1,4,"Gym, Breakfast, Spa, Airport Shuttle"
JW Marriott Grand Delhi,Delhi,9700.7,4.1,"Bar, Wifi, Spa, Breakfast, Airport Shuttle, Restaurant, Conference Hall"
Oberoi Heights Chennai,Chennai,9908.3,4.9,"Bar, Breakfast, Spa, Airport Shuttle, Pool, Gym"
Fairmont Palace Jaipur,Jaipur,10115.9,4,"Gym, Airport Shuttle, Breakfast, Parking, Bar, Wifi, Spa"
Oberoi Palace Ahmedabad,Ahmedabad,10323.5,4.5,"Airport Shuttle, Gym, Wifi, Conference Hall, Spa"
Trident Heights Delhi,Delhi,10531.1,4,"Parking, Bar, Breakfast, Conference Hall, Wifi, Spa, Restaurant"
Fortune Resort Mumbai,Mumbai,10738.7,4.5,"Wifi, Spa, Conference Hall, Bar"
Taj Residency Ahmedabad,Ahmedabad,10946.3,3.7,"Breakfast, Spa, Airport Shuttle, Restaurant"
Vivanta Residency Hyderabad,Hyderabad,11153.9,4.4,"Gym, Parking, Pool, Conference Hall"
Taj Royal Bengaluru,Bengaluru,11361.5,4.9,"Bar, Spa, Pool, Parking, Restaurant, Airport Shuttle, Wifi"
Westin Grand Ahmedabad,Ahmedabad,11569.1,5,"Restaurant, Conference Hall, Bar, Breakfast"
Grand Hyatt Elite Pune,Pune,11776.7,4,"Airport Shuttle, Pool, Bar, Gym, Restaurant, Spa, Conference Hall"
Fairmont Elite Goa,Goa,11984.3,3.9,"Airport Shuttle, Bar, Parking, Gym, Pool, Wifi, Conference Hall"
Courtyard Heights Delhi,Delhi,12191.9,4.4,"Restaurant, Wifi, Airport Shuttle, Bar, Gym, Pool, Spa"
Radisson Blu Inn Hyderabad,Hyderabad,12399.5,3.9,"Conference Hall, Wifi, Spa, Breakfast, Pool, Airport Shuttle"
Conrad Suites Kolkata,Kolkata,12607.1,4.2,"Airport Shuttle, Wifi, Pool, Gym, Breakfast, Spa, Restaurant"
Westin Resort Ahmedabad,Ahmedabad,12814.7,4.3,"Bar, Conference Hall, Restaurant, Gym, Airport Shuttle, Spa"
Vivanta Inn Bengaluru,Bengaluru,13022.3,3.7,"Restaurant, Pool, Gym, Conference Hall, Bar"
Conrad Royal Bengaluru,Bengaluru,13229.9,4.3,"Pool, Spa, Parking, Breakfast, Gym, Bar"
Westin Elite Mumbai,Mumbai,13437.5,3.9,"Conference Hall, Parking, Gym, Restaurant"
Conrad Palace Pune,Pune,13645.1,3.9,"Airport Shuttle, Restaurant, Gym, Wifi, Breakfast, Spa, Bar"
ITC Heights Chennai,Chennai,13852.7,4.4,"Gym, Breakfast, Parking, Wifi"
Novotel Elite Pune,Pune,14060.3,4.1,"Conference Hall, Bar, Airport Shuttle, Spa, Gym"
Oberoi Inn Chennai,Chennai,14267.9,4.4,"Spa, Breakfast, Parking, Restaurant"
ITC Suites Goa,Goa,14475.5,4.3,"Wifi, Bar, Airport Shuttle, Restaurant, Parking"
Conrad Palace Bengaluru,Bengaluru,14683.1,3.9,"Airport Shuttle, Pool, Spa, Gym, Restaurant, Parking"
Radisson Blu Grand Chennai,Chennai,14890.7,3.8,"Parking, Gym, Pool, Wifi, Airport Shuttle"
Westin Royal Ahmedabad,Ahmedabad,15098.3,3.9,"Airport Shuttle, Parking, Bar, Gym"
Ramada Heights Kolkata,Kolkata,15305.9,3.6,"Bar, Restaurant, Parking, Wifi"
ITC Royal Delhi,Delhi,15513.5,4.9,"Breakfast, Wifi, Gym, Spa, Parking, Bar"
Vivanta Royal Goa,Goa,15721.1,4.5,"Pool, Airport Shuttle, Restaurant, Spa, Gym, Conference Hall, Wifi"
Hyatt Plaza Hyderabad,Hyderabad,15928.7,4.2,"Conference Hall, Wifi, Airport Shuttle, Breakfast, Gym, Restaurant, Parking"
The Leela Elite Chennai,Chennai,16136.3,5,"Bar, Wifi, Spa, Parking, Gym, Breakfast, Airport Shuttle"
Courtyard Suites Mumbai,Mumbai,16343.9,4.3,"Airport Shuttle, Breakfast, Pool, Wifi, Restaurant, Parking"
Novotel Inn Goa,Goa,16551.5,3.5,"Pool, Spa, Breakfast, Conference Hall, Wifi, Airport Shuttle, Bar"
Westin Inn Kolkata,Kolkata,16759.1,4.8,"Spa, Airport Shuttle, Gym, Breakfast, Pool, Parking, Restaurant"
ITC Plaza Bengaluru,Bengaluru,16966.7,4.9,"Wifi, Parking, Conference Hall, Bar, Airport Shuttle, Restaurant"
Conrad Heights Goa,Goa,17174.3,4.2,"Conference Hall, Breakfast, Bar, Spa, Gym, Pool"
Novotel Plaza Ahmedabad,Ahmedabad,17381.9,4.8,"Wifi, Restaurant, Airport Shuttle, Conference Hall, Spa, Bar, Pool"
Conrad Residency Mumbai,Mumbai,17589.5,4.9,"Pool, Airport Shuttle, Breakfast, Parking, Spa, Wifi"
JW Marriott Residency Chennai,Chennai,17797.1,4.2,"Restaurant, Bar, Pool, Conference Hall, Gym, Parking"
Holiday Inn Heights Hyderabad,Hyderabad,18004.7,4.3,"Spa, Parking, Breakfast, Restaurant"
ITC Grand Chennai,Chennai,18212.3,4.5,"Airport Shuttle, Gym, Parking, Wifi"
The Orchid Palace Hyderabad,Hyderabad,18419.9,4,"Gym, Spa, Bar, Parking, Restaurant, Pool, Airport Shuttle"
Hyatt Royal Pune,Pune,18627.5,4.1,"Airport Shuttle, Gym, Spa, Breakfast, Restaurant"
Vivanta Inn Jaipur,Jaipur,18835.1,3.5,"Parking, Conference Hall, Gym, Wifi, Spa, Airport Shuttle, Breakfast"
Fairmont Heights Bengaluru,Bengaluru,19042.7,4,"Airport Shuttle, Pool, Spa, Breakfast, Parking, Gym, Restaurant"
Westin Plaza Mumbai,Mumbai,19250.3,3.5,"Breakfast, Airport Shuttle, Parking, Bar"
Novotel Resort Ahmedabad,Ahmedabad,19457.9,4.5,"Gym, Pool, Wifi, Breakfast, Spa, Airport Shuttle"
Oberoi Residency Hyderabad,Hyderabad,19665.5,4.9,"Bar, Gym, Spa, Pool, Parking, Conference Hall"
Ramada Inn Kolkata,Kolkata,19873.1,3.7,"Parking, Restaurant, Pool, Spa, Wifi, Airport Shuttle, Breakfast"
Holiday Inn Resort Kolkata,Kolkata,20080.7,4.7,"Parking, Conference Hall, Pool, Spa"
Grand Hyatt Royal Bengaluru,Bengaluru,20288.3,4.7,"Pool, Spa, Airport Shuttle, Wifi, Parking, Restaurant"
Trident Suites Ahmedabad,Ahmedabad,20495.9,3.6,"Parking, Bar, Pool, Airport Shuttle, Wifi, Restaurant, Gym"
Conrad Grand Pune,Pune,20703.5,4.8,"Bar, Airport Shuttle, Restaurant, Conference Hall, Breakfast"
Fortune Royal Chennai,Chennai,20911.1,4.6,"Pool, Airport Shuttle, Bar, Gym, Wifi, Conference Hall, Breakfast"
Courtyard Suites Jaipur,Jaipur,21118.7,4,"Conference Hall, Restaurant, Wifi, Spa, Gym, Pool"
The Leela Grand Jaipur,Jaipur,21326.3,3.8,"Wifi, Restaurant, Spa, Pool"
Oberoi Grand Delhi,Delhi,21533.9,4.6,"Breakfast, Spa, Conference Hall, Gym, Pool"
Shangri-La Inn Mumbai,Mumbai,21741.5,5,"Conference Hall, Parking, Gym, Wifi, Restaurant"
Taj Palace Goa,Goa,21949.1,4.7,"Breakfast, Restaurant, Wifi, Pool, Gym"
The Orchid Plaza Goa,Goa,22156.7,3.7,"Airport Shuttle, Breakfast, Restaurant, Parking"
Oberoi Heights Pune,Pune,22364.3,3.8,"Conference Hall, Parking, Airport Shuttle, Restaurant"
Taj Heights Mumbai,Mumbai,22571.9,4.1,"Airport Shuttle, Breakfast, Pool, Wifi"
Trident Residency Ahmedabad,Ahmedabad,22779.5,3.7,"Bar, Conference Hall, Parking, Spa, Airport Shuttle, Restaurant"
Fairmont Grand Pune,Pune,22987.1,4.5,"Bar, Airport Shuttle, Spa, Conference Hall, Gym"
Courtyard Plaza Chennai,Chennai,23194.7,3.6,"Restaurant, Parking, Breakfast, Pool, Airport Shuttle, Spa, Wifi"
ITC Grand Pune,Pune,23402.3,3.6,"Gym, Conference Hall, Wifi, Parking, Bar, Restaurant"
Trident Plaza Pune,Pune,23609.9,4.8,"Wifi, Parking, Conference Hall, Gym, Breakfast, Airport Shuttle, Pool"
JW Marriott Suites Jaipur,Jaipur,23817.5,3.7,"Pool, Parking, Spa, Bar, Airport Shuttle, Conference Hall"
Shangri-La Elite Ahmedabad,Ahmedabad,24025.1,4.4,"Wifi, Gym, Parking, Restaurant, Conference Hall, Bar"
Grand Hyatt Residency Mumbai,Mumbai,24232.7,3.7,"Pool, Gym, Wifi, Airport Shuttle, Restaurant, Parking, Breakfast"
Holiday Inn Heights Chennai,Chennai,24440.3,3.7,"Restaurant, Pool, Wifi, Conference Hall, Bar, Parking"
The Orchid Inn Pune,Pune,24647.9,4.5,"Breakfast, Airport Shuttle, Bar, Gym, Pool, Parking, Wifi"
Grand Hyatt Grand Chennai,Chennai,24855.5,4.5,"Conference Hall, Parking, Wifi, Pool, Spa, Breakfast, Airport Shuttle"
Taj Inn Delhi,Delhi,25063.1,3.8,"Parking, Breakfast, Restaurant, Wifi, Bar"
Conrad Residency Chennai,Chennai,25270.7,4.1,"Conference Hall, Breakfast, Restaurant, Wifi, Spa"
The Orchid Palace Chennai,Chennai,25478.3,4.9,"Breakfast, Bar, Conference Hall, Restaurant, Airport Shuttle, Spa"
Westin Plaza Pune,Pune,25685.9,4.9,"Breakfast, Airport Shuttle, Restaurant, Wifi, Spa"
The Leela Plaza Delhi,Delhi,25893.5,4.1,"Bar, Parking, Restaurant, Pool"
Trident Grand Goa,Goa,26101.1,4.4,"Restaurant, Breakfast, Gym, Pool, Wifi"
JW Marriott Suites Bengaluru,Bengaluru,26308.7,4.4,"Gym, Airport Shuttle, Conference Hall, Bar"
Oberoi Heights Ahmedabad,Ahmedabad,26516.3,4.9,"Restaurant, Gym, Airport Shuttle, Wifi, Spa, Breakfast"
Westin Royal Bengaluru,Bengaluru,26723.9,4,"Parking, Airport Shuttle, Conference Hall, Wifi"
The Orchid Inn Hyderabad,Hyderabad,26931.5,4.5,"Breakfast, Conference Hall, Bar, Spa"
Oberoi Palace Kolkata,Kolkata,27139.1,4.9,"Restaurant, Airport Shuttle, Gym, Wifi, Spa"
The Leela Grand Hyderabad,Hyderabad,27346.7,4.5,"Spa, Airport Shuttle, Conference Hall, Parking"
Ramada Residency Ahmedabad,Ahmedabad,27554.3,4.1,"Bar, Breakfast, Restaurant, Airport Shuttle, Parking, Wifi"
Trident Resort Pune,Pune,27761.9,4.3,"Parking, Breakfast, Gym, Airport Shuttle, Wifi, Conference Hall, Pool"
Grand Hyatt Plaza Bengaluru,Bengaluru,27969.5,4.4,"Parking, Conference Hall, Bar, Restaurant"
Trident Elite Goa,Goa,28177.1,4.5,"Conference Hall, Restaurant, Wifi, Gym, Bar, Pool, Parking"
Trident Suites Jaipur,Jaipur,28384.7,5,"Pool, Parking, Breakfast, Conference Hall, Bar"
Ramada Resort Mumbai,Mumbai,28592.3,4.6,"Breakfast, Bar, Gym, Pool, Conference Hall"
Shangri-La Heights Goa,Goa,28799.9,4.1,"Airport Shuttle, Parking, Breakfast, Pool, Conference Hall"
Novotel Heights Bengaluru,Bengaluru,29007.5,4.8,"Breakfast, Airport Shuttle, Conference Hall, Bar, Gym, Spa"
Ramada Plaza Kolkata,Kolkata,29215.1,4.7,"Parking, Wifi, Airport Shuttle, Bar, Gym"
Fortune Elite Pune,Pune,29422.7,3.7,"Gym, Parking, Airport Shuttle, Conference Hall"
JW Marriott Grand Chennai,Chennai,29630.3,3.8,"Restaurant, Wifi, Bar, Conference Hall, Spa, Parking, Gym"
Novotel Grand Chennai,Chennai,29837.9,3.8,"Pool, Restaurant, Gym, Breakfast, Wifi, Airport Shuttle"
Conrad Heights Goa,Goa,30045.5,4.4,"Wifi, Parking, Spa, Bar"
JW Marriott Royal Kolkata,Kolkata,30253.1,4.1,"Spa, Parking, Pool, Wifi, Airport Shuttle, Breakfast"
Shangri-La Grand Jaipur,Jaipur,30460.7,4.8,"Breakfast, Conference Hall, Wifi, Restaurant, Parking, Bar, Pool"
JW Marriott Plaza Bengaluru,Bengaluru,30668.3,4.4,"Breakfast, Bar, Gym, Restaurant, Conference Hall"
ITC Resort Kolkata,Kolkata,30875.9,4.9,"Bar, Airport Shuttle, Wifi, Restaurant"
Holiday Inn Inn Hyderabad,Hyderabad,31083.5,3.5,"Restaurant, Spa, Pool, Bar"
Oberoi Residency Hyderabad,Hyderabad,31291.1,4,"Gym, Airport Shuttle, Conference Hall, Restaurant, Pool, Bar"
ITC Palace Jaipur,Jaipur,31498.7,3.8,"Wifi, Restaurant, Parking, Airport Shuttle, Spa"
Fortune Inn Jaipur,Jaipur,31706.3,4.6,"Parking, Restaurant, Wifi, Bar, Conference Hall"
Trident Grand Bengaluru,Bengaluru,31913.9,4.1,"Airport Shuttle, Bar, Restaurant, Pool, Spa, Breakfast, Gym"
Ramada Grand Bengaluru,Bengaluru,32121.5,4.1,"Breakfast, Gym, Parking, Conference Hall, Wifi, Restaurant, Bar"
Westin Heights Bengaluru,Bengaluru,4563,4.6,"Airport Shuttle, Restaurant, Breakfast, Wifi, Conference Hall"
Grand Hyatt Plaza Ahmedabad,Ahmedabad,7845,4.5,"Pool, Bar, Restaurant, Parking"
Hyatt Residency Mumbai,Mumbai,8965,4.4,"Wifi, Gym, Pool, Airport Shuttle, Restaurant, Conference Hall, Parking"
Holiday Inn Palace Ahmedabad,Ahmedabad,11526.33,3.7,"Restaurant, Breakfast, Airport Shuttle, Bar, Wifi, Parking, Pool"
Ramada Plaza Hyderabad,Hyderabad,13727.33,4.5,"Pool, Wifi, Gym, Spa, Parking"
Holiday Inn Grand Kolkata,Kolkata,15928.33,4.7,"Spa, Parking, Airport Shuttle, Pool, Wifi, Bar, Restaurant"
Courtyard Heights Goa,Goa,18129.33,4.7,"Restaurant, Pool, Parking, Gym, Conference Hall, Breakfast"
Grand Hyatt Suites Kolkata,Kolkata,20330.33,5,"Spa, Airport Shuttle, Wifi, Gym, Parking"
Oberoi Heights Hyderabad,Hyderabad,22531.33,5,"Breakfast, Pool, Conference Hall, Gym, Spa"
Conrad Plaza Kolkata,Kolkata,24732.33,4.1,"Gym, Restaurant, Pool, Spa"
Courtyard Resort Kolkata,Kolkata,26933.33,4.8,"Gym, Bar, Wifi, Conference Hall, Airport Shuttle"
Ramada Inn Goa,Goa,29134.33,3.7,"Restaurant, Conference Hall, Parking, Bar, Wifi"
Vivanta Elite Delhi,Delhi,31335.33,3.7,"Breakfast, Conference Hall, Pool, Parking, Restaurant, Airport Shuttle"
Oberoi Residency Ahmedabad,Ahmedabad,33536.33,4.5,"Breakfast, Wifi, Conference Hall, Airport Shuttle, Bar, Parking"
Vivanta Royal Delhi,Delhi,35737.33,4.4,"Airport Shuttle, Conference Hall, Parking, Restaurant"
Westin Suites Jaipur,Jaipur,37938.33,4.7,"Parking, Airport Shuttle, Pool, Restaurant, Wifi, Conference Hall, Spa"
Fairmont Heights Jaipur,Jaipur,40139.33,4,"Restaurant, Breakfast, Conference Hall, Spa, Pool"
Grand Hyatt Elite Kolkata,Kolkata,42340.33,4,"Pool, Parking, Airport Shuttle, Breakfast, Bar, Wifi, Conference Hall"
Westin Royal Chennai,Chennai,44541.33,3.9,"Restaurant, Breakfast, Spa, Bar, Pool"
Conrad Heights Kolkata,Kolkata,46742.33,4.8,"Wifi, Pool, Bar, Parking, Spa, Conference Hall, Airport Shuttle"
Oberoi Palace Hyderabad,Hyderabad,48943.33,3.9,"Parking, Conference Hall, Wifi, Bar, Airport Shuttle, Spa, Pool"
Vivanta Plaza Hyderabad,Hyderabad,24522,3.6,"Breakfast, Conference Hall, Spa, Gym"
Fortune Grand Bengaluru,Bengaluru,25000,4.3,"Breakfast, Pool, Gym, Wifi, Spa, Airport Shuttle"
Trident Resort Kolkata,Kolkata,4512,3.7,"Conference Hall, Wifi, Breakfast, Airport Shuttle, Pool, Gym, Spa"
Ramada Residency Jaipur,Jaipur,1254,4.8,"Restaurant, Breakfast, Gym, Spa, Parking"
Westin Resort Ahmedabad,Ahmedabad,5896,4.7,"Breakfast, Parking, Airport Shuttle, Bar, Wifi, Gym, Conference Hall"
The Leela Royal Chennai,Chennai,6854,4.7,"Breakfast, Airport Shuttle, Parking, Restaurant"
Oberoi Suites Ahmedabad,Ahmedabad,5896,3.6,"Gym, Conference Hall, Bar, Pool, Restaurant, Airport Shuttle, Wifi"
Oberoi Suites Pune,Pune,5478,4.2,"Gym, Bar, Spa, Airport Shuttle, Parking, Restaurant, Conference Hall"
The Orchid Elite Goa,Goa,8968,4.3,"Conference Hall, Bar, Restaurant, Pool, Spa, Parking, Gym"
Fortune Inn Hyderabad,Hyderabad,8574,4.2,"Parking, Conference Hall, Breakfast, Pool, Gym"
Westin Heights Delhi,Delhi,4523,4.2,"Parking, Pool, Bar, Spa, Gym, Conference Hall"
Westin Inn Mumbai,Mumbai,5789,3.6,"Parking, Airport Shuttle, Spa, Pool, Breakfast, Gym, Restaurant"
JW Marriott Royal Pune,Pune,6584,4.4,"Wifi, Conference Hall, Spa, Restaurant, Pool"
The Orchid Plaza Pune,Pune,5466,4.6,"Gym, Wifi, Breakfast, Spa"
Conrad Suites Jaipur,Jaipur,7895,4.9,"Parking, Wifi, Pool, Restaurant, Breakfast, Airport Shuttle"
Fortune Residency Mumbai,Mumbai,5666,4.8,"Wifi, Bar, Airport Shuttle, Pool, Restaurant"
Westin Palace Mumbai,Mumbai,7890,4.4,"Restaurant, Parking, Airport Shuttle, Breakfast"
Fortune Heights Kolkata,Kolkata,15000,4.9,"Parking, Spa, Pool, Gym, Airport Shuttle, Conference Hall, Bar"
Hyatt Resort Mumbai,Mumbai,1400,3.9,"Gym, Bar, Conference Hall, Parking, Breakfast"
ITC Grand Chennai,Chennai,14500,5,"Restaurant, Spa, Wifi, Gym, Conference Hall, Pool, Breakfast"
Vivanta Inn Hyderabad,Hyderabad,45000,4.6,"Parking, Restaurant, Spa, Wifi"
The Leela Inn Jaipur,Jaipur,47000,4.1,"Pool, Parking, Restaurant, Conference Hall, Breakfast, Airport Shuttle"
JW Marriott Residency Jaipur,Jaipur,21000,4.6,"Bar, Conference Hall, Airport Shuttle, Breakfast, Parking, Pool"
Novotel Grand Ahmedabad,Ahmedabad,1000,4.2,"Pool, Breakfast, Wifi, Bar, Parking, Restaurant"
Radisson Blu Elite Ahmedabad,Ahmedabad,12000,3.7,"Pool, Spa, Airport Shuttle, Wifi, Parking, Conference Hall, Bar"
Courtyard Elite Goa,Goa,1200,4.2,"Conference Hall, Airport Shuttle, Parking, Restaurant"
Taj Inn Chennai,Chennai,1140,3.5,"Breakfast, Pool, Wifi, Spa, Gym"
ITC Palace Kolkata,Kolkata,1254,4.8,"Wifi, Parking, Bar, Pool, Airport Shuttle, Spa, Gym"
Holiday Inn Plaza Jaipur,Jaipur,1452,3.6,"Restaurant, Pool, Gym, Parking, Spa"
Ramada Suites Goa,Goa,114973.33,3.5,"Parking, Airport Shuttle, Bar, Breakfast"
Holiday Inn Suites Delhi,Delhi,117174.33,4,"Spa, Pool, Wifi, Bar, Restaurant, Breakfast"
Shangri-La Suites Mumbai,Mumbai,119375.33,3.6,"Airport Shuttle, Wifi, Spa, Restaurant"
The Orchid Heights Chennai,Chennai,121576.33,4.3,"Gym, Conference Hall, Parking, Pool"
Oberoi Royal Hyderabad,Hyderabad,123777.33,4.7,"Spa, Parking, Gym, Restaurant, Conference Hall, Pool"
Fairmont Inn Bengaluru,Bengaluru,125978.33,4.3,"Bar, Conference Hall, Airport Shuttle, Wifi, Gym"
Holiday Inn Resort Kolkata,Kolkata,128179.33,4.1,"Parking, Bar, Gym, Conference Hall, Breakfast"
Conrad Suites Delhi,Delhi,130380.33,4.8,"Airport Shuttle, Wifi, Bar, Spa, Parking"
Ramada Plaza Goa,Goa,132581.33,3.9,"Pool, Airport Shuttle, Restaurant, Wifi, Parking, Breakfast"
The Orchid Plaza Bengaluru,Bengaluru,134782.33,4.4,"Pool, Spa, Conference Hall, Airport Shuttle"
Radisson Blu Inn Hyderabad,Hyderabad,136983.33,3.5,"Pool, Airport Shuttle, Spa, Restaurant, Parking"
Radisson Blu Suites Chennai,Chennai,139184.33,4,"Bar, Airport Shuttle, Restaurant, Gym, Breakfast, Conference Hall"
Ramada Heights Jaipur,Jaipur,141385.33,4.7,"Restaurant, Spa, Breakfast, Gym, Conference Hall, Wifi, Pool"
JW Marriott Inn Mumbai,Mumbai,143586.33,4.9,"Parking, Gym, Spa, Conference Hall, Pool, Airport Shuttle, Restaurant"
Conrad Resort Kolkata,Kolkata,145787.33,4.6,"Airport Shuttle, Breakfast, Gym, Restaurant, Conference Hall, Pool, Parking"
Fortune Residency Jaipur,Jaipur,147988.33,4.8,"Conference Hall, Wifi, Pool, Bar"
The Orchid Plaza Mumbai,Mumbai,150189.33,4.8,"Pool, Gym, Wifi, Breakfast, Parking"
Courtyard Palace Hyderabad,Hyderabad,152390.33,4.5,"Airport Shuttle, Wifi, Conference Hall, Parking, Bar, Spa, Breakfast"
Taj Inn Kolkata,Kolkata,154591.33,5,"Conference Hall, Bar, Gym, Wifi"
The Leela Residency Kolkata,Kolkata,156792.33,3.8,"Restaurant, Parking, Bar, Wifi, Gym, Spa"
Courtyard Suites Ahmedabad,Ahmedabad,158993.33,3.8,"Wifi, Pool, Bar, Spa"
Holiday Inn Heights Kolkata,Kolkata,161194.33,4.5,"Pool, Airport Shuttle, Bar, Restaurant, Gym"
Oberoi Elite Pune,Pune,163395.33,3.6,"Breakfast, Airport Shuttle, Parking, Wifi, Bar"
Vivanta Royal Kolkata,Kolkata,165596.33,3.5,"Wifi, Spa, Gym, Bar, Restaurant, Conference Hall"
ITC Residency Bengaluru,Bengaluru,167797.33,3.9,"Conference Hall, Restaurant, Bar, Airport Shuttle, Breakfast, Pool, Wifi"
Ramada Palace Hyderabad,Hyderabad,169998.33,4.2,"Restaurant, Bar, Breakfast, Wifi"
Vivanta Heights Jaipur,Jaipur,172199.33,4,"Bar, Gym, Breakfast, Wifi, Parking, Conference Hall, Pool"
ITC Inn Pune,Pune,174400.33,4.1,"Bar, Restaurant, Conference Hall, Wifi, Breakfast"
Taj Heights Bengaluru,Bengaluru,176601.33,4.6,"Gym, Pool, Breakfast, Spa"
Courtyard Elite Kolkata,Kolkata,178802.33,4.1,"Pool, Restaurant, Breakfast, Parking"
Shangri-La Plaza Hyderabad,Hyderabad,181003.33,3.9,"Pool, Conference Hall, Spa, Parking, Bar, Breakfast, Airport Shuttle"
Hyatt Inn Goa,Goa,183204.33,3.9,"Pool, Gym, Bar, Conference Hall, Spa"
Westin Grand Jaipur,Jaipur,185405.33,3.9,"Airport Shuttle, Spa, Breakfast, Wifi, Pool"
Westin Plaza Mumbai,Mumbai,187606.33,4.8,"Restaurant, Airport Shuttle, Breakfast, Spa, Conference Hall, Parking, Pool"
Westin Royal Hyderabad,Hyderabad,189807.33,3.8,"Gym, Bar, Restaurant, Breakfast, Airport Shuttle, Spa"
Oberoi Resort Delhi,Delhi,192008.33,3.9,"Restaurant, Pool, Spa, Parking, Bar, Conference Hall, Wifi"
Courtyard Heights Delhi,Delhi,194209.33,3.9,"Bar, Airport Shuttle, Gym, Restaurant"
Westin Inn Delhi,Delhi,196410.33,3.7,"Bar, Pool, Airport Shuttle, Parking, Spa, Breakfast, Restaurant"
Fortune Plaza Kolkata,Kolkata,198611.33,3.6,"Conference Hall, Pool, Breakfast, Bar, Airport Shuttle, Gym"
Hyatt Palace Ahmedabad,Ahmedabad,200812.33,5,"Restaurant, Bar, Pool, Wifi, Conference Hall, Gym, Airport Shuttle"
Ramada Elite Kolkata,Kolkata,203013.33,4.5,"Airport Shuttle, Restaurant, Bar, Spa, Conference Hall"
Oberoi Residency Kolkata,Kolkata,205214.33,5,"Pool, Parking, Bar, Wifi, Airport Shuttle, Breakfast, Gym"
Westin Heights Hyderabad,Hyderabad,207415.33,3.8,"Restaurant, Airport Shuttle, Pool, Spa, Breakfast, Bar, Gym"
ITC Palace Bengaluru,Bengaluru,209616.33,4.6,"Restaurant, Pool, Gym, Breakfast"
Novotel Residency Kolkata,Kolkata,211817.33,3.7,"Airport Shuttle, Spa, Bar, Restaurant, Pool, Breakfast, Conference Hall"
Holiday Inn Royal Mumbai,Mumbai,214018.33,3.8,"Bar, Wifi, Spa, Pool, Gym, Conference Hall, Parking"
Fortune Resort Goa,Goa,216219.33,3.8,"Parking, Airport Shuttle, Restaurant, Breakfast"
Holiday Inn Plaza Ahmedabad,Ahmedabad,218420.33,3.7,"Airport Shuttle, Gym, Parking, Breakfast, Bar, Wifi"
JW Marriott Grand Hyderabad,Hyderabad,220621.33,4,"Restaurant, Gym, Bar, Spa, Parking"
JW Marriott Plaza Ahmedabad,Ahmedabad,222822.33,3.8,"Conference Hall, Gym, Airport Shuttle, Breakfast, Pool"
Hyatt Heights Hyderabad,Hyderabad,225023.33,3.6,"Wifi, Airport Shuttle, Gym, Pool, Spa, Parking"
Ramada Plaza Jaipur,Jaipur,227224.33,4.2,"Airport Shuttle, Gym, Pool, Parking, Wifi, Breakfast, Conference Hall"
The Orchid Suites Bengaluru,Bengaluru,229425.33,3.9,"Breakfast, Airport Shuttle, Pool, Parking, Wifi, Gym, Bar"
Fortune Heights Mumbai,Mumbai,231626.33,3.8,"Pool, Spa, Parking, Bar, Wifi, Conference Hall, Gym"
Grand Hyatt Heights Pune,Pune,233827.33,5,"Spa, Restaurant, Bar, Pool, Parking"
JW Marriott Suites Delhi,Delhi,236028.33,3.6,"Conference Hall, Parking, Gym, Airport Shuttle, Restaurant, Bar"
Westin Inn Ahmedabad,Ahmedabad,238229.33,4.3,"Gym, Bar, Wifi, Breakfast"
JW Marriott Suites Goa,Goa,240430.33,4.6,"Bar, Airport Shuttle, Gym, Parking, Restaurant"
Vivanta Plaza Chennai,Chennai,242631.33,3.6,"Bar, Conference Hall, Parking, Restaurant"
Grand Hyatt Heights Jaipur,Jaipur,244832.33,4.4,"Airport Shuttle, Restaurant, Pool, Bar"
Fortune Suites Chennai,Chennai,247033.33,4.7,"Parking, Restaurant, Breakfast, Gym, Airport Shuttle, Conference Hall, Pool"
Oberoi Resort Jaipur,Jaipur,249234.33,4.5,"Wifi, Pool, Airport Shuttle, Breakfast"
The Leela Heights Goa,Goa,251435.33,3.5,"Spa, Gym, Parking, Pool, Conference Hall, Wifi, Restaurant"
Vivanta Resort Pune,Pune,253636.33,4.9,"Wifi, Bar, Parking, Restaurant, Conference Hall"
Novotel Grand Chennai,Chennai,255837.33,3.6,"Airport Shuttle, Pool, Gym, Parking, Conference Hall"
Ramada Palace Jaipur,Jaipur,258038.33,4.5,"Bar, Gym, Airport Shuttle, Wifi"
Novotel Grand Chennai,Chennai,260239.33,4.7,"Restaurant, Breakfast, Parking, Pool"
Holiday Inn Residency Goa,Goa,262440.33,4.3,"Breakfast, Gym, Airport Shuttle, Conference Hall"
Radisson Blu Plaza Goa,Goa,264641.33,4.5,"Pool, Breakfast, Gym, Bar, Wifi"
Oberoi Resort Chennai,Chennai,266842.33,4,"Spa, Parking, Pool, Airport Shuttle, Conference Hall"
Shangri-La Royal Ahmedabad,Ahmedabad,269043.33,4.7,"Parking, Spa, Conference Hall, Restaurant"
Holiday Inn Palace Bengaluru,Bengaluru,271244.33,4.8,"Airport Shuttle, Bar, Pool, Breakfast, Spa"
Shangri-La Elite Pune,Pune,273445.33,5,"Restaurant, Gym, Bar, Airport Shuttle, Parking, Spa"
Grand Hyatt Residency Kolkata,Kolkata,275646.33,4.2,"Wifi, Pool, Breakfast, Gym"
Radisson Blu Palace Mumbai,Mumbai,277847.33,4.1,"Conference Hall, Bar, Breakfast, Restaurant, Spa, Wifi"
Fortune Royal Kolkata,Kolkata,280048.33,3.9,"Pool, Conference Hall, Spa, Bar, Breakfast, Parking"
Trident Royal Chennai,Chennai,282249.33,4.6,"Parking, Bar, Spa, Wifi"
Novotel Plaza Pune,Pune,284450.33,4.2,"Parking, Gym, Pool, Wifi"
JW Marriott Residency Mumbai,Mumbai,286651.33,4.9,"Gym, Restaurant, Breakfast, Conference Hall, Airport Shuttle, Wifi"
Taj Plaza Hyderabad,Hyderabad,288852.33,4.3,"Breakfast, Pool, Airport Shuttle, Spa, Parking, Gym"
The Orchid Royal Jaipur,Jaipur,291053.33,4.1,"Pool, Breakfast, Spa, Restaurant, Parking, Wifi"
The Orchid Suites Mumbai,Mumbai,293254.33,4.2,"Gym, Breakfast, Wifi, Parking, Restaurant, Spa, Pool"
Trident Plaza Delhi,Delhi,295455.33,4.6,"Pool, Restaurant, Breakfast, Parking, Conference Hall, Wifi"
Hyatt Elite Delhi,Delhi,297656.33,4.9,"Airport Shuttle, Parking, Conference Hall, Gym"
ITC Heights Kolkata,Kolkata,299857.33,4.1,"Breakfast, Parking, Spa, Airport Shuttle, Gym, Conference Hall"
Conrad Elite Delhi,Delhi,302058.33,4.7,"Wifi, Bar, Breakfast, Pool, Parking"
Grand Hyatt Resort Mumbai,Mumbai,304259.33,4.6,"Parking, Pool, Spa, Breakfast, Conference Hall, Airport Shuttle, Bar"
The Orchid Inn Goa,Goa,306460.33,3.6,"Conference Hall, Bar, Restaurant, Spa, Airport Shuttle"
ITC Grand Ahmedabad,Ahmedabad,308661.33,3.7,"Pool, Wifi, Bar, Restaurant, Breakfast, Airport Shuttle, Gym"
Vivanta Plaza Hyderabad,Hyderabad,310862.33,4.7,"Restaurant, Airport Shuttle, Parking, Pool, Wifi, Bar"
JW Marriott Grand Ahmedabad,Ahmedabad,313063.33,3.7,"Airport Shuttle, Restaurant, Bar, Wifi, Parking, Gym, Pool"
Courtyard Heights Bengaluru,Bengaluru,315264.33,4.8,"Gym, Parking, Wifi, Pool"
Trident Grand Goa,Goa,317465.33,3.9,"Bar, Conference Hall, Wifi, Restaurant, Gym, Breakfast"
Hyatt Plaza Mumbai,Mumbai,319666.33,4.2,"Pool, Airport Shuttle, Breakfast, Bar, Conference Hall"
The Leela Palace Mumbai,Mumbai,321867.33,4.7,"Gym, Spa, Bar, Breakfast, Restaurant"
ITC Royal Ahmedabad,Ahmedabad,324068.33,4.9,"Wifi, Pool, Spa, Restaurant"
Courtyard Grand Goa,Goa,326269.33,4.8,"Pool, Wifi, Airport Shuttle, Conference Hall, Breakfast, Parking"
Fairmont Heights Chennai,Chennai,328470.33,4.1,"Gym, Restaurant, Spa, Pool, Breakfast, Conference Hall, Airport Shuttle"
JW Marriott Royal Mumbai,Mumbai,330671.33,4.4,"Airport Shuttle, Bar, Breakfast, Wifi, Conference Hall, Gym"
Holiday Inn Plaza Goa,Goa,332872.33,4.5,"Conference Hall, Wifi, Bar, Airport Shuttle, Restaurant"
Grand Hyatt Elite Jaipur,Jaipur,335073.33,4.2,"Bar, Parking, Gym, Wifi, Airport Shuttle, Conference Hall"
Novotel Inn Mumbai,Mumbai,337274.33,4.7,"Conference Hall, Restaurant, Spa, Pool, Wifi, Bar, Parking"
Vivanta Palace Kolkata,Kolkata,339475.33,5,"Breakfast, Bar, Restaurant, Conference Hall, Pool"
Hyatt Royal Delhi,Delhi,341676.33,4.7,"Breakfast, Wifi, Restaurant, Parking, Bar, Pool"
Oberoi Heights Delhi,Delhi,343877.33,4,"Wifi, Pool, Breakfast, Conference Hall, Parking, Bar, Airport Shuttle"
Ramada Palace Jaipur,Jaipur,346078.33,4.9,"Gym, Restaurant, Breakfast, Bar, Airport Shuttle"
The Orchid Residency Mumbai,Mumbai,348279.33,4.6,"Pool, Conference Hall, Restaurant, Wifi, Gym"
Holiday Inn Grand Ahmedabad,Ahmedabad,350480.33,4,"Gym, Bar, Airport Shuttle, Restaurant, Breakfast"
Hyatt Royal Kolkata,Kolkata,352681.33,4,"Bar, Parking, Conference Hall, Pool, Breakfast"
Taj Plaza Ahmedabad,Ahmedabad,354882.33,5,"Gym, Restaurant, Spa, Conference Hall"
Oberoi Heights Pune,Pune,357083.33,4,"Spa, Restaurant, Conference Hall, Pool"
ITC Heights Hyderabad,Hyderabad,359284.33,3.9,"Pool, Restaurant, Parking, Bar, Wifi"
Taj Plaza Mumbai,Mumbai,361485.33,4.6,"Bar, Airport Shuttle, Breakfast, Gym, Parking"
Holiday Inn Heights Pune,Pune,363686.33,4.8,"Gym, Airport Shuttle, Pool, Bar, Wifi"
Westin Resort Mumbai,Mumbai,365887.33,4.9,"Restaurant, Gym, Bar, Pool"
ITC Grand Kolkata,Kolkata,368088.33,4.4,"Wifi, Bar, Gym, Parking, Spa, Pool, Breakfast"
The Leela Suites Hyderabad,Hyderabad,370289.33,4.1,"Parking, Breakfast, Spa, Wifi, Bar, Airport Shuttle"
Oberoi Heights Kolkata,Kolkata,372490.33,3.6,"Bar, Pool, Parking, Breakfast"
Shangri-La Suites Jaipur,Jaipur,374691.33,3.5,"Parking, Pool, Airport Shuttle, Bar, Wifi"
Westin Heights Chennai,Chennai,376892.33,4.8,"Pool, Conference Hall, Bar, Breakfast, Gym, Spa"
Grand Hyatt Heights Goa,Goa,379093.33,3.9,"Parking, Spa, Breakfast, Airport Shuttle, Wifi, Pool, Restaurant"
ITC Elite Hyderabad,Hyderabad,381294.33,5,"Conference Hall, Wifi, Bar, Airport Shuttle, Parking"
Fairmont Heights Kolkata,Kolkata,383495.33,4.8,"Parking, Pool, Bar, Airport Shuttle, Restaurant, Wifi, Conference Hall"
The Leela Residency Jaipur,Jaipur,385696.33,5,"Gym, Wifi, Bar, Conference Hall, Restaurant"
Fairmont Residency Delhi,Delhi,387897.33,4.4,"Pool, Breakfast, Bar, Parking, Spa, Airport Shuttle"
Trident Elite Bengaluru,Bengaluru,390098.33,4.9,"Breakfast, Conference Hall, Bar, Wifi"
Fairmont Residency Goa,Goa,392299.33,4.4,"Pool, Breakfast, Parking, Bar"
Fortune Plaza Hyderabad,Hyderabad,394500.33,4.1,"Breakfast, Airport Shuttle, Wifi, Pool, Gym, Spa, Bar"
Shangri-La Plaza Ahmedabad,Ahmedabad,396701.33,4.1,"Spa, Wifi, Airport Shuttle, Gym, Bar, Conference Hall"
Trident Inn Bengaluru,Bengaluru,398902.33,4.8,"Spa, Gym, Parking, Restaurant"
Courtyard Inn Hyderabad,Hyderabad,401103.33,4.1,"Spa, Airport Shuttle, Breakfast, Bar"
Fairmont Elite Jaipur,Jaipur,403304.33,4.1,"Conference Hall, Gym, Pool, Breakfast"
Ramada Residency Chennai,Chennai,405505.33,4.8,"Gym, Spa, Conference Hall, Bar"
The Orchid Palace Delhi,Delhi,407706.33,3.6,"Spa, Parking, Restaurant, Bar, Breakfast, Conference Hall"
Holiday Inn Palace Pune,Pune,409907.33,4.1,"Gym, Airport Shuttle, Restaurant, Breakfast, Pool, Bar, Wifi"
Westin Plaza Mumbai,Mumbai,412108.33,3.7,"Spa, Breakfast, Conference Hall, Gym, Restaurant"
Fairmont Palace Kolkata,Kolkata,414309.33,4.7,"Airport Shuttle, Gym, Conference Hall, Parking"
Taj Inn Delhi,Delhi,416510.33,4.7,"Parking, Bar, Conference Hall, Airport Shuttle, Gym, Spa"
Vivanta Heights Delhi,Delhi,418711.33,4.5,"Breakfast, Pool, Wifi, Parking, Restaurant, Gym, Bar"
Westin Heights Pune,Pune,420912.33,4,"Restaurant, Parking, Conference Hall, Breakfast, Bar, Gym"
Radisson Blu Elite Goa,Goa,423113.33,3.9,"Breakfast, Bar, Restaurant, Airport Shuttle"
JW Marriott Heights Mumbai,Mumbai,425314.33,3.9,"Bar, Breakfast, Wifi, Parking, Restaurant, Conference Hall, Pool"
Trident Elite Delhi,Delhi,427515.33,4.7,"Conference Hall, Parking, Gym, Bar, Restaurant, Breakfast"
Hyatt Grand Bengaluru,Bengaluru,429716.33,3.7,"Conference Hall, Gym, Restaurant, Airport Shuttle, Wifi, Pool"
Grand Hyatt Inn Delhi,Delhi,431917.33,4.7,"Restaurant, Parking, Conference Hall, Spa, Wifi, Bar"
The Orchid Royal Ahmedabad,Ahmedabad,434118.33,4.4,"Spa, Conference Hall, Pool, Bar, Restaurant, Breakfast, Gym"
Fairmont Residency Mumbai,Mumbai,436319.33,5,"Bar, Airport Shuttle, Gym, Conference Hall, Restaurant, Pool"
ITC Resort Jaipur,Jaipur,438520.33,5,"Wifi, Breakfast, Airport Shuttle, Gym, Pool, Restaurant"
Oberoi Heights Goa,Goa,440721.33,4.6,"Gym, Bar, Conference Hall, Spa"
Fairmont Plaza Jaipur,Jaipur,442922.33,3.6,"Restaurant, Wifi, Breakfast, Bar, Parking"
Radisson Blu Palace Mumbai,Mumbai,445123.33,4.6,"Restaurant, Parking, Gym, Wifi, Spa"
Ramada Inn Ahmedabad,Ahmedabad,447324.33,3.6,"Parking, Breakfast, Airport Shuttle, Restaurant"
Ramada Elite Ahmedabad,Ahmedabad,449525.33,4.2,"Restaurant, Airport Shuttle, Breakfast, Bar, Pool"
Hyatt Palace Chennai,Chennai,451726.33,3.8,"Spa, Wifi, Gym, Conference Hall, Airport Shuttle"
The Orchid Inn Chennai,Chennai,453927.33,4.3,"Breakfast, Wifi, Pool, Restaurant"
Taj Grand Mumbai,Mumbai,456128.33,4.2,"Conference Hall, Parking, Airport Shuttle, Restaurant"
JW Marriott Palace Delhi,Delhi,458329.33,4.1,"Conference Hall, Parking, Gym, Spa"
The Leela Royal Kolkata,Kolkata,460530.33,3.9,"Airport Shuttle, Spa, Conference Hall, Bar"
Vivanta Suites Kolkata,Kolkata,462731.33,4.6,"Gym, Wifi, Airport Shuttle, Pool, Restaurant, Spa"
Trident Palace Delhi,Delhi,464932.33,4.5,"Breakfast, Airport Shuttle, Gym, Wifi"
Ramada Grand Pune,Pune,467133.33,3.9,"Airport Shuttle, Parking, Conference Hall, Spa, Wifi"
The Leela Palace Goa,Goa,469334.33,3.9,"Bar, Pool, Conference Hall, Breakfast, Wifi, Restaurant"
JW Marriott Resort Goa,Goa,471535.33,4.8,"Pool, Restaurant, Conference Hall, Breakfast, Wifi, Spa"
Holiday Inn Inn Jaipur,Jaipur,473736.33,4.1,"Bar, Gym, Pool, Airport Shuttle, Restaurant, Wifi, Breakfast"
The Leela Royal Chennai,Chennai,475937.33,4.7,"Gym, Bar, Restaurant, Parking, Wifi, Pool, Spa"
Conrad Plaza Pune,Pune,478138.33,3.6,"Restaurant, Wifi, Spa, Breakfast, Gym, Parking"
Ramada Grand Ahmedabad,Ahmedabad,480339.33,4.5,"Airport Shuttle, Restaurant, Bar, Pool, Parking"
Shangri-La Palace Mumbai,Mumbai,482540.33,4.9,"Airport Shuttle, Gym, Pool, Bar, Spa, Conference Hall, Breakfast"
Trident Palace Bengaluru,Bengaluru,484741.33,3.8,"Bar, Spa, Pool, Conference Hall, Breakfast, Parking, Restaurant"
ITC Heights Jaipur,Jaipur,486942.33,3.7,"Wifi, Pool, Bar, Spa, Breakfast, Parking, Restaurant"
ITC Royal Ahmedabad,Ahmedabad,489143.33,4,"Airport Shuttle, Restaurant, Conference Hall, Bar, Wifi"
Novotel Resort Jaipur,Jaipur,491344.33,4.7,"Restaurant, Airport Shuttle, Pool, Wifi, Breakfast, Conference Hall, Bar"
Trident Inn Hyderabad,Hyderabad,493545.33,4.3,"Wifi, Gym, Airport Shuttle, Pool"
Fairmont Inn Pune,Pune,495746.33,3.8,"Bar, Spa, Airport Shuttle, Breakfast"
Radisson Blu Grand Hyderabad,Hyderabad,497947.33,4.1,"Airport Shuttle, Breakfast, Gym, Spa"
Taj Palace Kolkata,Kolkata,500148.33,4.9,"Conference Hall, Gym, Breakfast, Restaurant, Pool, Wifi, Spa"
Shangri-La Resort Ahmedabad,Ahmedabad,502349.33,4.8,"Breakfast, Spa, Parking, Conference Hall, Gym, Restaurant, Bar"
JW Marriott Plaza Goa,Goa,504550.33,4.6,"Conference Hall, Restaurant, Spa, Pool, Bar, Parking"
Westin Residency Hyderabad,Hyderabad,506751.33,4.5,"Conference Hall, Breakfast, Restaurant, Airport Shuttle, Wifi"
Grand Hyatt Heights Kolkata,Kolkata,508952.33,4.4,"Conference Hall, Parking, Bar, Airport Shuttle, Wifi, Breakfast, Restaurant"
Taj Residency Chennai,Chennai,511153.33,4.5,"Parking, Gym, Breakfast, Restaurant, Conference Hall"
JW Marriott Inn Mumbai,Mumbai,513354.33,4.6,"Restaurant, Airport Shuttle, Pool, Parking"
Fortune Elite Delhi,Delhi,515555.33,3.9,"Wifi, Bar, Conference Hall, Spa, Restaurant, Gym"
Fortune Palace Mumbai,Mumbai,517756.33,3.9,"Spa, Restaurant, Breakfast, Bar, Conference Hall, Pool, Gym"
Courtyard Grand Goa,Goa,519957.33,4.9,"Bar, Wifi, Breakfast, Gym"
Fortune Residency Bengaluru,Bengaluru,522158.33,4.4,"Wifi, Restaurant, Airport Shuttle, Conference Hall, Pool, Breakfast"
JW Marriott Royal Hyderabad,Hyderabad,524359.33,4.7,"Airport Shuttle, Conference Hall, Restaurant, Wifi, Breakfast, Gym"
Ramada Residency Delhi,Delhi,526560.33,3.6,"Bar, Conference Hall, Breakfast, Wifi, Gym"
Novotel Resort Delhi,Delhi,528761.33,4,"Breakfast, Conference Hall, Airport Shuttle, Parking, Restaurant"
Taj Resort Pune,Pune,530962.33,3.9,"Wifi, Restaurant, Bar, Airport Shuttle, Breakfast"
Holiday Inn Elite Bengaluru,Bengaluru,533163.33,3.9,"Conference Hall, Breakfast, Airport Shuttle, Spa, Wifi, Gym"
Radisson Blu Elite Hyderabad,Hyderabad,535364.33,4.9,"Conference Hall, Breakfast, Wifi, Restaurant, Airport Shuttle"
Radisson Blu Plaza Delhi,Delhi,537565.33,3.7,"Pool, Gym, Wifi, Spa, Restaurant, Conference Hall, Airport Shuttle"
ITC Palace Pune,Pune,539766.33,4.7,"Breakfast, Spa, Parking, Conference Hall"
Holiday Inn Plaza Jaipur,Jaipur,541967.33,4,"Pool, Conference Hall, Wifi, Restaurant, Bar, Parking, Airport Shuttle"
Oberoi Grand Mumbai,Mumbai,544168.33,4.9,"Parking, Breakfast, Pool, Gym"
Courtyard Plaza Chennai,Chennai,546369.33,4.5,"Gym, Conference Hall, Spa, Pool, Restaurant, Airport Shuttle, Breakfast"
JW Marriott Resort Bengaluru,Bengaluru,548570.33,4.3,"Pool, Wifi, Conference Hall, Parking, Bar"
Holiday Inn Elite Kolkata,Kolkata,550771.33,4,"Spa, Bar, Gym, Pool, Conference Hall, Restaurant"
Shangri-La Suites Bengaluru,Bengaluru,552972.33,3.8,"Conference Hall, Airport Shuttle, Pool, Gym"
ITC Grand Bengaluru,Bengaluru,555173.33,4.6,"Restaurant, Breakfast, Gym, Conference Hall, Bar, Pool, Wifi"
Westin Grand Ahmedabad,Ahmedabad,557374.33,3.8,"Airport Shuttle, Restaurant, Parking, Conference Hall, Breakfast, Pool, Gym"
Trident Residency Chennai,Chennai,559575.33,4,"Bar, Parking, Restaurant, Pool, Airport Shuttle"
Trident Heights Jaipur,Jaipur,561776.33,4,"Airport Shuttle, Conference Hall, Pool, Breakfast, Restaurant, Parking"
ITC Residency Bengaluru,Bengaluru,563977.33,4.3,"Pool, Breakfast, Wifi, Bar, Parking, Airport Shuttle"
Oberoi Plaza Ahmedabad,Ahmedabad,566178.33,4.4,"Conference Hall, Parking, Airport Shuttle, Restaurant"
JW Marriott Plaza Hyderabad,Hyderabad,568379.33,4.8,"Gym, Airport Shuttle, Pool, Spa, Breakfast, Parking"
Taj Royal Delhi,Delhi,570580.33,3.7,"Airport Shuttle, Gym, Conference Hall, Parking, Bar"
JW Marriott Resort Jaipur,Jaipur,572781.33,3.8,"Spa, Pool, Parking, Gym, Conference Hall, Wifi, Restaurant"
Ramada Plaza Hyderabad,Hyderabad,574982.33,4.9,"Wifi, Restaurant, Pool, Conference Hall"
Ramada Inn Bengaluru,Bengaluru,577183.33,4.3,"Bar, Breakfast, Restaurant, Parking, Airport Shuttle"
ITC Inn Kolkata,Kolkata,579384.33,5,"Conference Hall, Bar, Restaurant, Breakfast, Gym"
Conrad Royal Jaipur,Jaipur,581585.33,4.3,"Airport Shuttle, Gym, Spa, Wifi, Parking"
Vivanta Residency Delhi,Delhi,583786.33,3.7,"Spa, Bar, Restaurant, Airport Shuttle"
The Leela Heights Jaipur,Jaipur,585987.33,3.8,"Bar, Wifi, Spa, Conference Hall, Pool"
Oberoi Residency Ahmedabad,Ahmedabad,588188.33,4.4,"Breakfast, Gym, Wifi, Pool"
Vivanta Elite Goa,Goa,590389.33,4.4,"Parking, Pool, Spa, Airport Shuttle"
Shangri-La Heights Jaipur,Jaipur,592590.33,3.8,"Breakfast, Gym, Conference Hall, Parking, Restaurant, Bar, Airport Shuttle"
Hyatt Heights Hyderabad,Hyderabad,594791.33,4.4,"Bar, Breakfast, Gym, Wifi, Conference Hall"
Radisson Blu Elite Kolkata,Kolkata,596992.33,4.1,"Breakfast, Pool, Gym, Spa, Parking"
Shangri-La Elite Mumbai,Mumbai,599193.33,4.6,"Airport Shuttle, Gym, Wifi, Bar"
Fairmont Plaza Kolkata,Kolkata,601394.33,4.8,"Spa, Airport Shuttle, Bar, Gym, Parking, Restaurant, Wifi"
Fairmont Inn Goa,Goa,603595.33,4.6,"Parking, Conference Hall, Bar, Gym"
Radisson Blu Palace Mumbai,Mumbai,605796.33,4.3,"Bar, Spa, Restaurant, Conference Hall"
Grand Hyatt Residency Pune,Pune,607997.33,4.5,"Parking, Conference Hall, Bar, Breakfast, Gym, Airport Shuttle"
Vivanta Suites Chennai,Chennai,610198.33,4.3,"Gym, Restaurant, Airport Shuttle, Breakfast, Bar, Parking, Conference Hall"
Holiday Inn Grand Goa,Goa,612399.33,3.8,"Pool, Spa, Bar, Airport Shuttle, Gym"
Fortune Palace Ahmedabad,Ahmedabad,614600.33,4.1,"Pool, Gym, Airport Shuttle, Parking"
Fairmont Grand Pune,Pune,616801.33,3.8,"Breakfast, Wifi, Bar, Spa"
Shangri-La Inn Kolkata,Kolkata,619002.33,4.9,"Gym, Airport Shuttle, Conference Hall, Wifi"
Radisson Blu Inn Kolkata,Kolkata,621203.33,3.6,"Breakfast, Gym, Wifi, Conference Hall, Pool"
Taj Grand Goa,Goa,623404.33,4.7,"Bar, Breakfast, Spa, Parking, Wifi, Restaurant"
ITC Inn Kolkata,Kolkata,625605.33,4.7,"Restaurant, Parking, Spa, Conference Hall, Pool, Airport Shuttle"
Holiday Inn Palace Ahmedabad,Ahmedabad,627806.33,3.8,"Conference Hall, Pool, Parking, Gym"
The Leela Inn Kolkata,Kolkata,630007.33,4.3,"Airport Shuttle, Bar, Breakfast, Conference Hall, Pool, Gym"
Courtyard Royal Jaipur,Jaipur,632208.33,3.5,"Parking, Pool, Bar, Restaurant"
Novotel Resort Delhi,Delhi,634409.33,4.9,"Parking, Spa, Breakfast, Wifi"
Holiday Inn Grand Hyderabad,Hyderabad,636610.33,4.9,"Restaurant, Breakfast, Spa, Parking, Gym, Pool, Bar"
Conrad Suites Delhi,Delhi,638811.33,3.9,"Spa, Breakfast, Conference Hall, Bar, Pool, Parking"
Grand Hyatt Grand Goa,Goa,641012.33,4.9,"Breakfast, Wifi, Conference Hall, Bar, Spa, Gym, Parking"
Conrad Inn Ahmedabad,Ahmedabad,643213.33,3.8,"Bar, Spa, Gym, Wifi, Parking, Conference Hall"
Conrad Palace Kolkata,Kolkata,645414.33,4,"Airport Shuttle, Pool, Breakfast, Gym, Restaurant"
Taj Suites Mumbai,Mumbai,647615.33,4.4,"Restaurant, Parking, Gym, Conference Hall, Airport Shuttle, Pool"
Vivanta Royal Jaipur,Jaipur,649816.33,4,"Bar, Spa, Breakfast, Restaurant, Gym, Airport Shuttle, Conference Hall"
Vivanta Residency Jaipur,Jaipur,652017.33,3.7,"Pool, Parking, Spa, Conference Hall, Airport Shuttle"
Holiday Inn Residency Delhi,Delhi,654218.33,4.9,"Airport Shuttle, Wifi, Gym, Spa, Bar"
JW Marriott Elite Kolkata,Kolkata,656419.33,4,"Parking, Breakfast, Wifi, Spa, Airport Shuttle, Pool, Restaurant"
Radisson Blu Heights Bengaluru,Bengaluru,658620.33,4.4,"Restaurant, Parking, Breakfast, Gym, Conference Hall, Airport Shuttle, Bar"
Grand Hyatt Plaza Mumbai,Mumbai,660821.33,4,"Breakfast, Conference Hall, Gym, Bar, Airport Shuttle"
Grand Hyatt Elite Hyderabad,Hyderabad,663022.33,4.7,"Pool, Bar, Parking, Spa, Restaurant, Breakfast, Airport Shuttle"
Trident Royal Chennai,Chennai,665223.33,4.1,"Pool, Gym, Restaurant, Breakfast"
Trident Inn Hyderabad,Hyderabad,667424.33,3.9,"Parking, Airport Shuttle, Restaurant, Conference Hall, Breakfast, Bar, Spa"
Fairmont Residency Goa,Goa,669625.33,3.5,"Parking, Pool, Spa, Conference Hall, Airport Shuttle"
The Leela Grand Pune,Pune,671826.33,4.8,"Wifi, Bar, Pool, Breakfast"
Vivanta Residency Ahmedabad,Ahmedabad,674027.33,4.5,"Parking, Spa, Conference Hall, Restaurant, Gym, Airport Shuttle, Pool"
JW Marriott Residency Kolkata,Kolkata,676228.33,3.6,"Restaurant, Airport Shuttle, Conference Hall, Bar, Parking, Gym"
Fortune Residency Jaipur,Jaipur,678429.33,4.3,"Breakfast, Bar, Parking, Gym, Spa, Airport Shuttle, Pool"
ITC Inn Jaipur,Jaipur,680630.33,4.1,"Parking, Wifi, Conference Hall, Breakfast, Pool"
Grand Hyatt Heights Bengaluru,Bengaluru,682831.33,3.5,"Airport Shuttle, Parking, Wifi, Bar, Spa, Gym, Pool"
Taj Resort Kolkata,Kolkata,685032.33,4.1,"Bar, Spa, Gym, Restaurant, Breakfast, Conference Hall, Parking"
Novotel Grand Bengaluru,Bengaluru,687233.33,4.4,"Parking, Conference Hall, Breakfast, Spa, Pool, Wifi"
Hyatt Inn Goa,Goa,689434.33,4.5,"Parking, Airport Shuttle, Spa, Gym, Wifi, Pool, Restaurant"
Fortune Residency Mumbai,Mumbai,4175,3.9,"Airport Shuttle, Wifi, Spa, Conference Hall, Pool"
Taj Suites Jaipur,Jaipur,8101,4.1,"Restaurant, Airport Shuttle, Wifi, Gym, Conference Hall, Pool, Breakfast"
Vivanta Grand Chennai,Chennai,11399,4.2,"Parking, Bar, Wifi, Airport Shuttle, Restaurant"
Novotel Heights Chennai,Chennai,6549,4.6,"Spa, Airport Shuttle, Pool, Parking"
Radisson Blu Plaza Jaipur,Jaipur,13664,4.9,"Gym, Wifi, Pool, Breakfast, Spa, Bar"
Radisson Blu Palace Hyderabad,Hyderabad,16650,4.5,"Spa, Bar, Restaurant, Wifi"
Hyatt Royal Bengaluru,Bengaluru,4460,4.1,"Wifi, Breakfast, Airport Shuttle, Restaurant, Parking"
JW Marriott Grand Hyderabad,Hyderabad,6575,3.7,"Breakfast, Restaurant, Wifi, Airport Shuttle"
Grand Hyatt Elite Goa,Goa,15467,3.7,"Spa, Restaurant, Conference Hall, Bar, Breakfast, Pool, Wifi"
Holiday Inn Residency Hyderabad,Hyderabad,6607,4.8,"Airport Shuttle, Conference Hall, Parking, Breakfast, Restaurant, Spa, Pool"
Oberoi Elite Goa,Goa,8196,4,"Parking, Conference Hall, Gym, Wifi, Breakfast, Pool, Spa"
Westin Elite Bengaluru,Bengaluru,8514,4.2,"Gym, Wifi, Restaurant, Bar, Parking, Pool, Breakfast"
ITC Plaza Kolkata,Kolkata,5610,4.3,"Conference Hall, Gym, Parking, Breakfast, Spa, Bar, Wifi"
The Leela Grand Kolkata,Kolkata,3217,4.8,"Gym, Wifi, Spa, Conference Hall, Airport Shuttle"
Radisson Blu Palace Pune,Pune,11855,4.5,"Airport Shuttle, Conference Hall, Parking, Wifi, Gym, Pool, Bar"
Taj Heights Delhi,Delhi,17710,4.8,"Airport Shuttle, Wifi, Restaurant, Parking"
Fairmont Palace Hyderabad,Hyderabad,15994,4.4,"Pool, Parking, Breakfast, Airport Shuttle"
Ramada Grand Pune,Pune,14381,3.8,"Spa, Breakfast, Conference Hall, Parking, Restaurant, Pool, Airport Shuttle"
The Leela Resort Ahmedabad,Ahmedabad,13550,4.2,"Pool, Gym, Conference Hall, Parking, Spa, Bar, Airport Shuttle"
Hyatt Royal Kolkata,Kolkata,9758,4.9,"Conference Hall, Restaurant, Breakfast, Spa, Airport Shuttle, Bar"
Trident Suites Ahmedabad,Ahmedabad,11726,4.3,"Conference Hall, Parking, Restaurant, Spa, Bar, Airport Shuttle, Wifi"
The Orchid Royal Bengaluru,Bengaluru,2767,4.3,"Wifi, Parking, Spa, Pool, Gym, Breakfast"
Vivanta Elite Kolkata,Kolkata,11614,4.4,"Pool, Wifi, Airport Shuttle, Gym, Breakfast"
JW Marriott Resort Bengaluru,Bengaluru,17075,4.4,"Parking, Breakfast, Pool, Conference Hall, Spa"
Oberoi Grand Delhi,Delhi,14355,4,"Gym, Airport Shuttle, Pool, Parking, Restaurant, Breakfast, Wifi"
Oberoi Grand Chennai,Chennai,15281,3.6,"Restaurant, Bar, Conference Hall, Airport Shuttle, Wifi, Pool"
Shangri-La Plaza Mumbai,Mumbai,3386,4,"Restaurant, Conference Hall, Gym, Airport Shuttle"
